{"count":1,"self":193.6173696,"total":194.88173,"children":{"AgentResetIfDone":{"count":8788,"self":0.099514999999999992,"total":0.099514999999999992,"children":null},"AgentSendState":{"count":8788,"self":0.11245,"total":0.157084,"children":{"CollectObservations":{"count":9659,"self":0.044634,"total":0.044634,"children":null}}},"DecideAction":{"count":8788,"self":0.834784,"total":0.834784,"children":null},"AcademyStep":{"count":8788,"self":0.020531999999999998,"total":0.020531999999999998,"children":null},"AgentAct":{"count":8788,"self":0.151214,"total":0.151214,"children":null}}}